Size,Weight,Sweetness,Crunchiness,Juiciness,Ripeness,Acidity,Quality,Quality_pred
0.3875370557189547,0.4539193162834236,0.7733363075752455,0.4385265101902441,0.5355791539781833,0.5336037558545811,0.6934283529472982,1,1
0.2352897439962022,0.4981442934364196,0.5771186850248854,0.7101483959041957,0.4188111036507058,0.6373979755058404,0.6179113930116479,0,0
0.6182385162861169,0.1591780038603581,0.3858875589583691,0.535118829665742,0.4155709996181883,0.4620671685715569,0.5316066859032949,1,1
0.6824567500854178,0.2929872507516248,0.0559057832941161,0.3362577532353784,0.5022337487072908,0.903520704412882,0.1653775866191132,0,0
0.2549201488816238,0.4582663473392498,0.1458346562290559,0.4243297302134906,0.4562085729285859,0.737344335259644,0.1348156369007022,0,0
0.3996464445572109,0.5888822729297474,0.5803421382246866,0.6827832046106366,0.6975646919324876,0.4232436752387644,0.4137476327226986,1,1
0.8169213050174928,0.583298953978391,0.6292240591889385,0.7804422718147889,0.3430806081835139,0.2110370008025868,0.6633064179686236,0,0
0.4188646947323767,0.5208326145590036,0.7146934478326485,0.4231743411771163,0.5801601789080879,0.508994674398255,0.4296287310555214,1,1
0.4623882003839565,0.2683348626277019,0.4288436009949112,0.4470806087827285,0.4426975797421409,0.3101629924030578,0.288724833179097,1,1
0.4686376606158824,0.4257722776757841,0.7472043784087996,0.7992894891484077,0.2126066531073933,0.2631177764024308,0.7971750521598179,0,0
0.3509392499340079,0.7464807754484284,0.7666262730694718,0.6783944199347379,0.3208246973256902,0.2249397152859355,0.6138157820171416,0,0
0.1800083818040746,0.5548112708978233,0.8315275127787811,0.150786215714933,0.7053214839754188,0.385357161294644,0.2207226574814985,1,1
0.2768989582132791,0.5159933321420522,0.7377705744601437,0.3160972216781673,0.7178652586325838,0.4445063633379124,0.2219396071865616,1,1
0.5304194906651304,0.7186667880273923,0.5432831979395383,0.5926677202385393,0.4587476922177655,0.4866883512089756,0.6977802772337608,0,0
0.7960542977984393,0.4457153098912388,0.4545906233528275,0.5033537437250722,0.2575038957812123,0.8590256153351574,0.6114155288587915,1,1
0.6164902410428443,0.4492560573021574,0.6046490804012458,0.6803499887906304,0.2657717229282436,0.3220671987223097,0.4931205891432687,0,0
0.3690241340430727,0.1937684181994088,0.5898671514835534,0.6098079413419009,0.427032810778359,0.5317542757560347,0.188146092488309,0,0
0.5976312534232137,0.4719981180227001,0.4071263651995083,0.3379093400525885,0.419104175365927,0.5789510498618915,0.3100327743735775,0,0
0.2536224959218943,0.5832309254496776,0.6818117476827792,0.7961456736913153,0.3844974396343091,0.6420695966965093,0.4864926733223715,0,0
0.6297726258144113,0.3702991482104317,0.21635790378566,0.5772784394711973,0.5690359880526692,0.4566286041557136,0.4303602816525946,1,1
0.6204375333212171,0.4930393878862009,0.260417252991635,0.982474037257868,0.1595532225103503,0.3252032757638378,0.4496128269620745,0,0
0.6327667281389028,0.8107719511863388,0.2773190423668433,0.5630444355799162,0.482175034130188,0.536910945197807,0.6700252059763016,0,0
0.7569114785275856,0.5340369076714244,0.5540113227315865,0.5237751614189082,0.3136254355582014,0.7539700758351104,0.7156253981803017,1,1
0.4377262894139793,0.1883732147443667,0.9227162604642606,0.6116202925688964,0.6417760098519929,0.4726310768034985,0.5309284819001403,1,1
0.646582772310272,0.7837336911002649,0.4926475170738282,0.5332823631395314,0.5935144789804314,0.2563143595874697,0.5661425124123441,1,1
0.7364088543193559,0.449410074936837,0.3363411692480326,0.2985074814485833,0.5905903425255741,0.5107927119972093,0.5495718502468845,1,1
0.486274182625931,0.6403173546177341,0.6583540617487723,0.628671167792582,0.6864164566709626,0.0558300540464938,0.7884985221449947,1,1
0.4779228007015527,0.4097547881316626,0.467838591786523,0.5395129951252271,0.4053062799654483,0.5793182602769741,0.4981752196875972,0,0
0.4788925753907085,0.6180253834840945,0.626388188812239,0.6068106919635051,0.3781301418870399,0.3562339045767689,0.5374876394216366,0,0
0.6729474649201778,0.5790928152318037,0.3691491167622522,0.4509462569610467,0.1307667686369128,0.4612141979707467,0.4944385932453411,0,1
0.3388878877022263,0.6211043335124116,0.5078862294190075,0.79476103146998,0.3547037633290134,0.0491891156183946,0.2342064600439788,1,1
0.4098378146923445,0.5465248450832891,0.3952223543068002,0.6159627937161312,0.3565950114438417,0.6552781816509343,0.5446273405310107,0,0
0.7906737649793012,0.5236879349280981,0.4062794554795407,0.6152600129977001,0.4043277370294076,0.4531894439492241,0.6361784475159992,1,0
0.3440237057267511,0.7736342425340395,0.4666021902381735,0.416844316714579,0.3305643115811953,0.5231457957084912,0.5870464882395656,0,0
0.7062393005987279,0.3253105585097687,0.2634120462361583,0.8023789456729156,0.2391636998465363,0.4900716282638317,0.491649405311226,1,1
0.3012723884189852,0.2090031744530082,0.2205754812832592,0.2372881089906579,0.7950855361306235,0.9488873570556118,0.6795762524809561,0,0
0.4188761156526822,0.5553692483920963,0.4232876071528647,0.5427778186668437,0.1870551169927017,0.335758959885298,0.3629218728415108,1,1
0.767609303826953,0.5108666078865726,0.1769550911305443,0.446433989325774,0.2145468675646593,0.7267285958166269,0.5541427766421883,1,1
0.3839754079637915,0.4382958368643933,0.5055602547859481,0.4082311499813967,0.3787740581355381,0.6089558824285195,0.364542887918709,0,0
0.5077792520149672,0.4376320065435816,0.2192473188752004,0.4741605068018079,0.4920588943648096,0.6779301626599452,0.5853416617438723,0,0
0.4772748863899582,0.584391332937561,0.5462460219925716,0.3100907490800618,0.3492538565069613,0.684584493755508,0.454104873716441,1,1
0.4077028639833877,0.7540480321239663,0.5315663929514624,0.6768089283999348,0.4863505168014558,0.473664889546165,0.4684529054297236,0,0
0.5579434337980742,0.5897103572214298,0.4883904999958723,0.6706760776090513,0.6833354739628481,0.4049311605537379,0.0739043365220161,1,1
0.3938472627655817,0.3242920388819546,0.8813903520689379,0.3971413943834236,0.6392379053532614,0.5184581452414586,0.4351101652714344,1,1
0.482936022116447,0.3974225337891527,0.3295648542679973,0.538901739856665,0.5677938291140137,0.8940640502834394,0.325207938552638,0,0
0.4882537255838072,0.5144795082861724,0.5523575187444354,0.5117926959611518,0.2747968681091216,0.3192016704981069,0.6051502855791446,0,0
0.2950130412010993,0.1595530639997086,0.5508042060714523,0.270928594534418,0.4221099677227822,0.7567802470241529,0.103075082898048,0,0
0.4483807685397842,0.5045704782260609,0.4334353434289677,0.3968378677793882,0.3810298352089692,0.4778977520973302,0.2574078863140839,0,0
0.359624118405125,0.5593986750235865,0.6457494073166373,0.2459569618636927,0.6875823265920754,0.1801114793739265,0.8171366066846497,0,0
0.6496160829440849,0.2134081410636246,0.8386545148648339,0.374212397056781,0.3606070015055967,0.7151132970475824,0.4533287728023801,1,1
0.5096415186841173,0.1723678780700624,0.562577219674713,0.4972248855086065,0.8198487479162023,0.1487952552946623,0.5426496135388696,1,1
0.5762185655041857,0.4131629455916556,0.3947946652384422,0.4711227870986282,0.4931275529721968,0.7605281366558977,0.4477297987567128,0,0
0.6664089302976531,0.3755912121571967,0.416581763773354,0.253137570214181,0.5919421521195989,0.4461299661061856,0.5495833547830689,1,1
0.2899367338978064,0.7006910109345931,0.5301738380011152,0.1679722118129295,0.3968872883006017,0.6359984659122634,0.354391029965198,1,1
0.6509719643334526,0.4432380745193547,0.5656743466706681,0.6609881328015161,0.5270477861316971,0.5991156776384436,0.5680564158863224,1,1
0.3733383872267811,0.4532422460210649,0.7603996164061767,0.6497194650055038,0.6463197538104073,0.4658807907213635,0.4242993812864946,1,1
0.5432373000470749,0.479819759433601,0.1882924431607272,0.5814832515640909,0.6071029771404884,0.871009910583264,0.3711158438161441,0,0
0.1095710648995388,0.6337930870644887,0.702378349797055,0.2867459428322291,0.3886709910181972,0.587623584539814,0.5103313257143066,0,0
0.3258520334486035,0.5651621424848301,0.7320008162412637,0.7087484768658908,0.5490646273816058,0.4295847905558098,0.6675287528095679,0,0
0.6395106521853693,0.4614559780751068,0.4109112931298333,0.615013033353524,0.3579852617910223,0.5643576227943115,0.4666156660292956,0,0
0.4556001284502839,0.6664472723571637,0.1015249068004587,0.5126922803192511,0.4927215611001164,0.6890089332133372,0.3756168568203931,0,0
0.4520152328591254,0.2468932152414492,0.457039087961594,0.4582319610501942,0.7634045429640788,0.7113143838608444,0.7347941769497995,0,0
0.3033684891477196,0.5889189376762044,0.6055722828781467,0.314466798915932,0.7161029788203432,0.3789674843624436,0.7165486532655307,0,0
0.2174860625870907,0.5006463014887952,0.8010580953542513,0.5568650768011015,0.6571789837273442,0.3413817266378221,0.2968775904835243,1,1
0.2703999316984999,0.5612059774119489,0.2857234143810956,0.2289152395593237,0.4568120378393013,0.7748839676961765,0.2802918789977421,0,0
0.3324189807008663,0.2630134868095296,0.4421302835554455,0.448963719857944,0.2637799586359139,0.7033411827249401,0.2323502454251021,0,0
0.9537086154318478,0.1113161439010235,0.224309044012446,0.8639006292719998,0.9285819616061348,0.405521036357021,0.6277505615146124,1,1
0.4210514550721986,0.4276021354819359,0.601485496466701,0.7267225567996489,0.7819905199373249,0.4535322399685449,0.2692296873487192,1,1
0.4818470701640336,0.3562865038178581,0.7337285672505506,0.5196454330998872,0.4350301481957886,0.6412374645466965,0.4921885070375602,1,1
0.5282981072296095,0.8140693872764861,0.5384574082675839,0.2826015263645827,0.5219449902479603,0.2678599315517426,0.4833260553253629,1,1
0.6417469379915707,0.485280445293651,0.2507123481366679,0.4550069792365003,0.4921487887052646,0.7491044503500713,0.2268125370873758,0,0
0.5100669670026462,0.5876656534283066,0.7148549410530888,0.4884448206244974,0.3346012417962171,0.3743693507350392,0.5863283114394264,0,0
0.6488887286079316,0.4770187363871407,0.24839933595079,0.7699909837401919,0.4327004501115551,0.3896942096724931,0.4273611431993708,1,1
0.293982555128855,0.6129213416700418,0.5583055500506574,0.7249264693726523,0.1250007051512584,0.6586235956962353,0.184304890629315,0,0
0.4222750009544561,0.3843233486828504,0.6521368386399926,0.4549479607291672,0.5739747429679193,0.5328298988884381,0.321188013050401,0,1
0.5114260879376343,0.7262732384973815,0.2395063158963086,0.3551694407053063,0.2340774043171543,0.8337744500051738,0.4851667920694534,1,0
0.3650037317641278,0.5591642990909198,0.3111487780149472,0.3822529759627304,0.1838278221932873,0.6121915886338984,0.3531741633913964,0,0
0.5195945096276352,0.59501103064362,0.6008753208312767,0.4410263705870472,0.3699052633565798,0.6126187580464262,0.4340562553177162,1,1
0.604624303989452,0.6203112565175559,0.1496606947348165,0.4749010307827686,0.5588937424138326,0.8527296993291553,0.5467434862860812,0,0
0.2366434934204148,0.6475334818421388,0.1436704957412385,0.4364603337966596,0.1899986014888085,0.5321216242792025,0.2393884708271728,0,0
0.5107438659394048,0.5428047356279838,0.4467831033263966,0.4197685096618243,0.6890549693120024,0.5806620782622767,0.3634930552839274,0,0
0.7350763585773387,0.2782994683547146,0.583766215708131,0.0380944725174199,0.8327163977621482,0.3900200105628337,0.7412029309367535,1,1
0.5147248318547261,0.2632193427415505,0.6628415395650226,0.443836094021707,0.4815637048613956,0.7721831008705625,0.4256928394207879,1,1
0.6132785255838106,0.591905329240682,0.1485857122564392,0.763970052998356,0.3421191695857754,0.6199282586311707,0.570399427119489,0,0
0.587603277735731,0.2752634507188771,0.2294906589353427,0.2536897588670928,0.6760728798024862,0.7658080392892597,0.4780780684455559,0,0
0.5145323424741006,0.6768748299814256,0.4494628862782746,0.4986340047427012,0.490260636397833,0.5007404337548701,0.5466404368271356,0,0
0.4720711685737098,0.8044503152039785,0.2175294494743867,0.486476251708948,0.3259555195258306,0.7150097608813315,0.705848994751668,0,0
0.5646093542684538,0.5112970741641784,0.4375504409421401,0.5560274103429597,0.5373597114162518,0.602996856036133,0.4836427333095984,0,0
0.5431371444701721,0.5837385236985851,0.5042052208587579,0.3870165782233448,0.2751515871020032,0.5405800268406323,0.5368553371264468,0,0
0.6060580307850557,0.5425337610404626,0.459110979762392,0.264806306361326,0.3772626964401725,0.4564494576798175,0.4958115800635064,1,1
0.257508357907801,0.724278348485597,0.4403733112548204,0.574761598086137,0.6265155041972013,0.4434261630524582,0.3656611619646497,1,1
0.3824993737672905,0.4861169895561485,0.6156780045930266,0.944364752785692,0.7430647595862883,0.4505416073137502,0.5979558116579048,1,1
0.4489833332256649,0.4609637190974773,0.6295978422455613,0.4596225199013597,0.6695315379435628,0.5842077411966882,0.4660649387361411,1,1
0.6554616998216046,0.6320767226672358,0.4648849182754613,0.3616177796025184,0.3245193281138706,0.4662909314572016,0.6025357998907904,1,1
0.3573814691987493,0.6710805209598628,0.2973617330188398,0.4153280459777628,0.7469413610935132,0.6968132296676207,0.3858105222893183,0,0
0.5724541505580469,0.4030697582834167,0.1778807078797271,0.4558199529569783,0.5974647227890924,0.7947539222363996,0.5212783156334383,0,0
0.8434210800632609,0.4805451055576483,0.3725062705432038,0.679101483125257,0.5391067155977157,0.4186766872445333,0.5841608931314893,1,1
0.8433626586194236,0.5074101183010361,0.0871982953367877,0.287395963561084,0.7206248396610149,0.6397540183832309,0.4767839663922526,1,0
0.3739129920636971,0.5927821128471271,0.6562891292599089,0.3209881021868802,0.2436281457783495,0.549521616960599,0.5693953197706431,0,0
0.471086924573157,0.6620713860516523,0.521409416719543,0.6090240115969539,0.5291848253190223,0.1592567382515695,0.531572686277399,1,1
0.2154284337382486,0.3193613478476312,0.690828458891468,0.3584819965707346,0.6339109708318691,0.6960040464612324,0.2468355880734488,0,0
0.4376780816708063,0.7108449059595222,0.5956511576213436,0.4938376812010535,0.6222463626119853,0.3062046358927395,0.5742753915391033,0,0
0.2553369340729889,0.6986685609702552,0.5808880699141789,0.3415078629862206,0.4275359164499825,0.5519879267394405,0.4384251417386112,1,0
0.4595329358547558,0.3284228152660399,0.3078329939914131,0.2584597955804921,0.8865948802702184,0.6934206094752449,0.6471358415643064,0,0
0.6194415745724553,0.2557336044067552,0.6655156809759687,0.7275381907575713,0.5588134246285282,0.6679669926581863,0.5698876750481792,1,1
0.2967843874159362,0.2780018238400306,0.9629757484461552,0.4600797409335002,0.6671159717538,0.4401816087893794,0.402013802584978,1,1
0.2200037204211179,0.8826173166265979,0.2901745806244546,0.6030112146267665,0.6243554710487541,0.4083115469812593,0.3928395788697923,1,1
0.3276774370484047,0.1264963546813622,0.5743174614298221,0.2914944193942195,0.4017081058033096,0.719004806331817,0.0629211325580674,0,0
0.500361927071531,0.4140316980856209,0.3749594331208091,0.596006610763252,0.4348891614894017,0.3350247640457589,0.5179293340630667,1,1
0.4005910276634236,0.4299508757567726,0.4640874313688697,0.2726985732864451,0.3571130579248182,0.7129469671701373,0.3462465244765267,0,0
0.5847225403239886,0.2726622459277087,0.608795117763486,0.4107913933871447,0.4639082399749534,0.8089675297713775,0.4817477306688168,1,1
0.3636545008492985,0.8012133605466333,0.4931606044387486,0.3619255940856285,0.671139980803855,0.3922022534045241,0.1637316485953142,1,1
0.631856863412824,0.334093489871664,0.708040700915074,0.4853404489965646,0.2811904054518949,0.5160282189579207,0.5135939052805115,0,0
0.7303688722411666,0.7163466962510009,0.6103906769025428,0.4556078245306639,0.3798268453112098,0.3597624865040816,0.7317617621391593,1,1
0.6049404652606369,0.6144433118687418,0.3082345582644116,0.683073699129017,0.3148408867163769,0.4046148711421176,0.4120306930038997,1,0
0.8414830193020664,0.3486963363286087,0.2468756968574589,0.644008373871249,0.5462037931204242,0.5262558325960991,0.5520561666911337,1,1
0.7802744693193564,0.4740252811290861,0.3558666381295225,0.5378238237890705,0.6607237175846643,0.3932779018483731,0.4791937286714767,1,0
0.2599604497384233,0.4698456404469256,0.6675926235757882,0.2750956568486695,0.3618866413500158,0.6970718533791067,0.4650675911691743,0,0
0.4751504959654786,0.5807111230318304,0.4320442673521013,0.7598940128682903,0.5598955625989497,0.5088322314675052,0.5077230508411367,1,1
0.4366501563645318,0.5475468673203427,0.5516312213094348,0.7918931037647243,0.3524469564629523,0.1237084805709782,0.4194735964404854,1,1
0.2220280576484372,0.3960176116956531,0.6246699481667174,0.2860568672999738,0.9033831360428668,0.4669352102952132,0.8304475390694929,0,0
0.4950792092874375,0.419516882063464,0.4838353926198172,0.5610550324355794,0.2555533136472416,0.4936571407544964,0.3892593760435817,0,0
0.5277153555687247,0.2687840257037013,0.9056778423029594,0.7777905000477177,0.6674093439997434,0.4957024610307454,0.5441068756674057,1,1
0.7541442000887576,0.2176824908893368,0.4616168655877577,0.7648424403521163,0.7131289776456349,0.2701565845374414,0.6714223246247573,1,1
0.2653800325012773,0.6339136912173061,0.8429591498372665,0.3121405944329158,0.7050443001553466,0.3631568447490443,0.3412982589238217,1,1
0.716776638212963,0.4596690578210022,0.3481635175309787,0.5882684232714175,0.4800858886292934,0.4785344252477557,0.4567597263022668,0,0
0.7961955904563717,0.4459775343436974,0.5467816509028703,0.5065774713951388,0.3522811931660482,0.7407276728811731,0.3293282924496312,1,1
0.5918913576263454,0.6464801846410976,0.6368398604718853,0.2112961151299702,0.8229752534789212,0.1991419630522348,0.7556174878016875,1,1
0.4140833818353122,0.824768309158461,0.0345432511376602,0.8037722085719817,0.1317950946575546,0.5395362381743103,0.6454446853464334,0,0
0.674885927663784,0.3896194099430988,0.2950922781769006,0.5131397712709074,0.7955426620630117,0.4061616705477735,0.7564829968735514,1,1
0.4003128620007854,0.3792378389295724,0.7475971234043349,0.4683208548544869,0.5632833458696567,0.0226043192559182,0.4307729502710476,1,1
0.5275325804204785,0.8332793969142548,0.3058882915137885,0.8437758866982369,0.4984759162595367,0.4416292772247137,0.7180541915110855,0,0
0.4660256572064036,0.4825907319305761,0.6660421184778359,0.2811803164150774,0.3012047571158224,0.4752082035055183,0.3916741478426701,0,0
0.3206059234696441,0.4621400911470789,0.5694175237515279,0.6462081738197571,0.5228500707139145,0.5912863715676616,0.6639565462212813,0,0
0.5754236284011521,0.6363001905582935,0.3966057467998947,0.4659737838394038,0.5029298428367409,0.322226436842386,0.4111615425000759,1,0
0.4031829389016103,0.5211934654952015,0.5300785671556321,0.4732695180274757,0.4895338842380543,0.6160514230547772,0.2549751701771974,1,1
0.6029350129849685,0.6405278519492459,0.3152961072496868,0.3331675581719469,0.6728569512016248,0.4556382368016289,0.434827245735258,0,0
0.4819339582659244,0.1497322754424629,0.6534546555314034,0.3488540395075543,0.8489224423321009,0.1341912168053499,0.5908923669166903,1,1
0.4766144774431674,0.3163201098351232,0.8905409138337612,0.3583919368301769,0.5437758234383875,0.4948803675809907,0.3433874142286605,1,1
0.7491321566281669,0.1251472952249934,0.5609265366049428,0.6865164402604058,0.4174592350221209,0.8651967973415627,0.5134412829098716,1,1
0.3197588933807219,0.6906564360672593,0.5780523921514444,0.4468530203951009,0.6478693685368212,0.6551607732055058,0.6193431023925582,0,0
0.5629553199697105,0.6114513509197077,0.4798004133581167,0.3080897970281074,0.5346190239798582,0.3449651903075974,0.5601580974891769,1,1
0.5459584094307391,0.8093435451985967,0.2726545913120955,0.7569746364370478,0.3602174744307517,0.7303576621734966,0.9365767588620058,0,0
0.3636952335009819,0.4129133698188798,0.9342562140254314,0.2333914992975083,0.3452806166914266,0.4447026716769134,0.4259844794351466,0,1
0.4027041220591383,0.5044976025293916,0.5199106744583071,0.3319278448214711,0.6525751110238129,0.3875804175168666,0.6875920271348763,0,0
0.298338829519993,0.802625543380049,0.5606987435109816,0.5257524523585285,0.6047895025521617,0.3541599092452177,0.2453874530683633,1,1
0.5883361572501511,0.2504714544037842,0.3894187931248254,0.7226461354077023,0.4903690332994279,0.3387199803586558,0.5644300650503855,1,1
0.4805186367249178,0.2975425019270005,0.3302166023190906,0.4185908829370184,0.3082515168333029,0.5586225116934074,0.0935270001421353,0,0
0.5253849721104827,0.8360101353496967,0.3527028613840659,0.4816364834452818,0.5632609494629756,0.5024941951070018,0.4886446909677676,1,1
0.1985875327005081,0.7297579914565049,0.6224138338113321,0.1234418786144199,0.5009837361264026,0.5502292901216786,0.1730696059119288,1,1
0.4991850589131964,0.2997496687068439,0.4406844159940549,0.5179110180401966,0.2075732620906186,0.6253502446529035,0.3510379340599507,0,0
0.4779838046401388,0.3674742437373391,0.355619912441721,0.5655460930372653,0.3487391629162261,0.4064003932357236,0.5384162846990004,1,1
0.3174163933876139,0.5662181722910873,0.4389976826013166,0.435922021273887,0.6369337128292025,0.5034742156042243,0.384382278801774,1,0
0.6965968146903123,0.4402843666036343,0.3337833592865257,0.7627278253990759,0.5670037747605592,0.359959617665944,0.5202857948035724,1,1
0.7355241318460192,0.5544154444821314,0.5101729680162225,0.3984446531368463,0.3777863744869565,0.6636341804319701,0.2023278287261384,1,1
0.9246244417264204,0.0827340868030968,0.247809209696005,0.5290351267200537,0.4166569542800725,0.6575924155447792,0.4557408275962057,1,1
0.6269221105894629,0.230102630110322,0.6058221165833141,0.0970842067788274,0.6856927064088185,0.3588977149440456,0.6200559172704923,1,1
0.4436849311782199,0.3524376213859425,0.3628845619226883,0.3521612614499471,0.5552872504185727,0.605876845834158,0.0925793428954143,0,0
0.5517448419102217,0.7156556240281169,0.4369696804921733,0.7563937143637371,0.4735060951065364,0.2144065600584362,0.5455998890090055,1,1
0.5376754916590745,0.3679482447255047,0.6018921738723814,0.5392925428508862,0.2729159005804095,0.4665753132807872,0.4072560924555707,0,0
0.567291533020932,0.9200517114653448,0.5238699547576601,0.5457717294389282,0.4999865504464961,0.1716681780025275,0.4574296633829217,1,1
0.3713178092739857,0.1690448807455268,0.9916797995991998,0.5420795903539124,0.7109047572721958,0.4734055213567677,0.4713210533973881,1,1
0.867007943052458,0.7388024297224381,0.3723395939785493,0.3715346038197305,0.4289030959742131,0.2420881656349193,0.3717103868498349,0,0
0.6279656887404489,0.6722824586663391,0.4296229732277005,0.6639698569188366,0.4136601915806453,0.484387667275148,0.6597235325911268,0,0
0.1844364018829439,0.9051354132988064,0.329390199979533,0.0040103581355376,0.519971915459544,0.7972892616503986,0.4958230563297611,0,0
0.0912858510399657,0.3123091166183915,0.6042075937328235,0.5296347964798577,0.7682170308462368,0.7228996799290082,0.9897093238824608,0,0
0.4703944233942939,0.4831330238483156,0.5177171102079464,0.7232843384046534,0.5793104958497748,0.5758327494904427,0.5267572166869743,1,1
0.7051637524645209,0.2515145658815342,0.3775536628774709,0.8786256180543984,0.7928324920845538,0.2162093872457868,0.5903676008716439,1,1
0.7778792346562371,0.1890792307945352,0.3003685827552894,0.4588218975407782,0.5488116638049018,0.4855885988363406,0.3203027429443897,1,1
0.6182848223696168,0.5247837098654461,0.6357811120223684,0.3148110018648077,0.518327671061112,0.3003985467780326,0.7247314796155206,1,1
0.838417211517448,0.1074696614050683,0.6475904401527223,0.1201198309918432,0.7870595600350012,0.4236540074175192,0.7810320247135287,1,1
0.4715784559813047,0.5032392383187669,0.5181681426905571,0.4242064295666159,0.2906219092789762,0.452101566762633,0.3728927907893002,0,0
0.1983505419974467,0.4014479901334652,0.7341461682117212,0.3663213214710595,0.5392897716369467,0.4789065583372077,0.6257386706659533,0,0
0.664644218799096,0.4960930598421069,0.6656577374187745,0.538082771728933,0.3543288755586316,0.7125320972116913,0.7329635619006194,1,1
0.615281886317683,0.6048632842089222,0.3462969878643889,0.7829716259375019,0.2965578003864157,0.37326460698554,0.5295165815239141,1,1
0.5973051009266559,0.3437733057778344,0.2178914005584289,0.3238298338735356,0.1883363999657076,0.7088406155423039,0.2294524807307482,0,0
0.0198132949417154,0.5133678291049071,0.8632827144863636,0.4645286897047037,0.8062277599009549,0.5195146699842964,0.7688707290344974,0,0
0.3387280206575791,0.5687818517936507,0.5047104279885319,0.742979065962259,0.6800185335279815,0.4614465665819108,0.4193668045729253,1,1
0.187481599039773,0.7718758518626344,0.3115051529443933,0.5291701441684142,0.4167371483460844,0.6113168493864708,0.5109808940456717,0,0
0.5544063340820613,0.4548538332387523,0.6052581397422381,0.5370655346681438,0.3164793801160468,0.7134977299601409,0.6744428037827871,1,1
0.1283730807372508,0.7209173508237076,0.6317481001606728,0.3223033952289551,0.5790896118088442,0.3953087412658891,0.3997415664456569,1,1
0.2965131160403974,0.3018352582640121,0.540611719643149,0.6620628601333788,0.4638483424972383,0.6051273522391171,0.8544004518026643,0,0
0.7457936073497179,0.6127213263684107,0.3654207186673341,0.5999143424893532,0.2404480769708539,0.4936163760689597,0.483058617551088,1,0
0.7227614010037751,0.6651609527499921,0.4709377024305935,0.2322740097717145,0.5739010366636684,0.4353650896177835,0.7190777165027781,1,1
0.5036801790276934,0.5551287132871711,0.465550237930172,0.3303874237093469,0.4001447663210287,0.6564816766990735,0.4939565272503917,0,0
0.563832956512032,0.3791348373783019,0.5449481590610781,0.3117823550852702,0.6956310124841141,0.1534105282861089,0.9862721549735264,0,0
0.7802002541852535,0.4403895543373551,0.9100853923152882,0.715088926969224,0.2001343093910833,0.0695960537794037,0.6060486526134672,0,0
0.4272664558096685,0.5596565665449816,0.5607280031084712,0.484363747698962,0.6159296206591028,0.5250725392955738,0.4290906479300872,0,1
0.5776216149831648,0.3699133992899607,0.4234296972735724,0.64814883880212,0.1552160761319287,0.5058468201018707,0.4173862599522407,0,0
0.5228578997446229,0.9563366179351632,0.5826334098477999,0.5893704348126092,0.410213205218929,0.1849085947110933,0.6627235366342568,1,1
0.0829695388755261,0.4205747652600691,0.7370074981959817,0.1807426662762195,0.5105308222182989,0.6033320155320989,0.1959493222386774,0,0
0.3495379380722081,0.7007836788549713,0.3089371601442907,0.5859806452722217,0.4771872100978123,0.6284284101116843,0.5291914667325709,0,0
0.6506255025735674,0.1745060948470094,0.4746796056595858,0.4086945753227868,0.4990815043686601,0.3907220856758966,0.4120788764485554,1,1
0.6135155557314572,0.4127762679490377,0.6680046597068034,0.4203920173008346,0.737321070004042,0.1763805618698881,0.6913813187774048,1,1
0.2755792371336508,0.8884037259818047,0.278964355879205,0.2050097016196314,0.4500519648499688,0.7459057309965547,0.5864837186631602,0,0
0.4893044787342269,0.3465484233730472,0.7286142841039053,0.4196735717101595,0.5791844597918342,0.5182278862187413,0.169511711505551,1,1
0.4647092751158168,0.6012009420082296,0.5943503331024259,0.3488078279334053,0.4503677277550042,0.5957779356730519,0.3116644620559388,1,1
0.5848503347120401,0.4193170082813983,0.4047694510128011,0.5155914089717994,0.193933723780016,0.6452120382608166,0.4765265266319463,0,0
0.164834286301758,0.4028568584361609,0.7794206838672294,0.3355970765835515,0.665218684773667,0.4706421033202803,0.3007633696926262,1,1
0.5322533531219973,0.3584758998188241,0.2906443345739419,0.6457872184177365,0.515337448825916,0.7607573397293057,0.5506204427151931,0,0
0.3050646029888128,0.4842254402757732,0.5925935082164766,0.3655140805428648,0.3861348969092591,0.6796661358915819,0.4838984928643091,1,0
0.3791420020808382,0.5883454005234138,0.4248677009464005,0.2535818087940314,0.7088999898873993,0.723610687571698,0.3369236791157973,0,0
0.3073872638236636,0.4291377187080507,0.2930308738913895,0.4515830918517281,0.8189877837041727,0.8587177260088295,0.6160911597407303,0,0
0.3318920075987247,0.528773993315385,0.3679547663087562,0.3543825287992467,0.5938725576827281,0.6906002098507458,0.4644565308107242,0,0
0.3831938521671663,0.5425519026939646,0.6425231439814971,0.4988817159937667,0.5038298155468368,0.3987161555963563,0.6067348951710966,0,0
0.4358773955359052,0.5746409226006295,0.503120173315968,0.4313486155925043,0.549952156561137,0.6071244100172132,0.5291760617411969,1,0
0.7033556525093718,0.524893464430623,0.4074853252525806,0.5204903738960776,0.4272078380200126,0.6760463100202585,0.4805078188901429,1,1
0.7991933912735323,0.0716007622620678,0.4476869059531869,0.7206962796571159,0.9403813429014232,0.2531426191210838,0.6161434235080027,1,1
0.2689451135014017,0.5105862221251168,0.8541439664765422,0.5350003610626266,0.7077441958797781,0.3402496184034181,0.3324568416294122,1,1
0.2480495179627078,0.4014800529142686,0.6973391664021344,0.383523582200899,0.7018557641748279,0.5298881865280511,0.647262181911481,0,0
0.5452387142934328,0.4426853431995896,0.7326020882075233,0.5213695095851315,0.5594497949743564,0.5318405172745343,0.3403821614313871,1,1
0.7738618416174307,0.6178401541515525,0.3845711065143515,0.8313341926912357,0.4243686841522843,0.3754409305649179,0.5869980735115485,1,1
0.0817142281610421,0.7343178221165616,0.7264072313614747,0.5094467555608467,0.5678783978747222,0.3403925663986236,0.5626756583988282,1,1
0.8101226294396623,0.508418533038783,0.3079220641640143,0.3082989170902198,0.7405786804138537,0.3189366911027589,0.701759181124626,0,1
0.710468366300074,0.7281425782966825,0.5420337774202771,0.2640150127164486,0.6269443722535338,0.3614342911033926,0.7349223693307356,1,1
0.3773951036787114,0.4636527688418965,0.1998420970408469,0.2841510277483053,0.6686336443994969,0.8927168546263619,0.211959149551037,0,0
0.9435582409449254,0.4206885722969627,0.0763031890079735,0.6311735617092444,0.5316704858916148,0.6081082434024532,0.2788244797141778,1,1
0.4175422975872215,0.4901741276103518,0.3343283767489974,0.3823024448997498,0.5265622803574628,0.646083402146641,0.2540051584836644,0,0
0.3481598512409734,0.4362283846610876,0.5131043355302721,0.5193315138515388,0.5708938353681311,0.5865688427472461,0.7611070222358594,0,0
0.7450553159011629,0.4176427970590883,0.5235755066951071,0.4955928956907199,0.965801294001784,0.2129433340235151,0.7460234237402896,1,1
0.397829449407623,0.3626596953041231,0.6850031702436904,0.4568683930446705,0.5639399917617604,0.4588102886389706,0.2402191748451784,0,1
0.5911181477362858,0.4738796065150255,0.2429314522641944,0.8682576269664345,0.3171788975680599,0.3668847767078276,0.2862063921912006,1,1
0.45023487624817,0.3364597166577793,0.2272147187339301,0.2780219300993782,0.825908040250321,0.7045517958135716,0.7242429923710986,0,0
0.277278849308165,0.6370350860589757,0.8000406742201176,0.5790777457189543,0.5345970818275555,0.4568064090245591,0.5118551883515252,1,1
0.3877650892711939,0.1649075541676758,0.4289972798589079,0.5176856189276101,0.2144958849874222,0.5550243268066096,0.0960183440491594,0,0
0.7187320107426323,0.6540472773160978,0.3033194791196001,0.3869591098574995,0.8519932161528387,0.4906303536127138,0.3978229381830113,0,0
0.6686391324372406,0.5992186925682362,0.2401332357512647,0.4115272953649824,0.7045131714794894,0.484690498932731,0.5087787250151474,0,0
0.339730394877283,0.2423964271252154,0.4737907662624635,0.234282497915329,0.3663954739646951,0.7433542351463114,0.1281646563510126,0,0
0.5990101343336562,0.8393340516914783,0.66813402913252,0.1376679454651828,0.6738481177918298,0.2508743106352628,0.6851186878159379,1,1
0.611769264756369,0.0947271296811232,0.8648642328945383,0.6009165625458147,0.6350491589022618,0.5395286784892718,0.3718347218872239,1,1
0.43330207774408,0.6620975531666793,0.6040997626055135,0.6028465185058236,0.4908199608952659,0.115129942456758,0.5303576660833729,1,1
0.5115317135878373,0.5578641115491305,0.4755173533161943,0.4856100495320227,0.4755818800928509,0.3786515413761221,0.6586288615511064,0,0
0.4567972815004776,0.7382270633801282,0.5934421128605588,0.4673958505883362,0.292211042772475,0.3704821395753019,0.3431185213481042,0,0
0.5827460207984713,0.2851331237210806,0.2144718946039812,0.7347404023767213,0.6860462795857022,0.3544655835187428,0.5243817704801703,1,1
0.8119956075159689,0.9341713175000784,0.1342017935098897,0.710554305603267,0.3535638739722249,0.5244547539073288,0.4001290864881336,1,1
0.5801150931885111,0.6481868803774292,0.5806385381284476,0.3771941482090349,0.5260745034087532,0.4923469762443105,0.2420903818028008,1,1
0.8070564195747547,0.3047065187483024,0.0944199547790583,0.721360126466823,0.5621466570432879,0.5135017913824464,0.2790498020958368,1,1
0.4843511301868814,0.4950515889839694,0.7683169542607083,0.6432098069974485,0.7303257435137567,0.4780128667432368,0.4050049307536565,1,1
0.4933986085221529,0.2392136073869754,0.3175397334057721,0.6208361644610181,0.3300691575530707,0.680298788640314,0.6404848527986684,0,0
0.8447683472641563,0.4836976064488938,0.3683593635623918,0.9525780935116572,0.5515087984459436,0.647952630696955,0.5796299053442242,1,1
0.4477569617212393,0.4519970550461504,0.4208962251106841,0.4304919143230126,0.5987265402362294,0.5869563413907146,0.6498182737633651,0,0
0.3904485724355546,0.1510950120522994,0.563357436513831,0.4469821047153899,0.2951855599637911,0.7858146438951166,0.2961759868412553,0,0
0.3439435143954009,0.7087942877050553,0.2781984623896192,0.2532043331901221,0.5882786423836341,0.716442439316199,0.3707050108878993,0,0
0.3109908469477916,0.4800501170459738,0.3994113069664288,0.4118728679451754,0.5417554797946755,0.6332389128933179,0.2640179984400826,0,0
0.715428566753612,0.6543514210431067,0.4149916060970865,0.3462802984607345,0.557294227994949,0.4061630269198339,0.5349894100198902,1,1
0.4657273151000468,0.6392731549626326,0.2096599775688197,0.1521214585968722,0.4816770090351451,0.9293270268810364,0.4728337613388009,0,0
0.4487097535099269,0.6730197091410364,0.4691529780617182,0.4312845834221159,0.8579704997414344,0.6834942940429132,0.337383656754647,0,0
0.5633602401710838,0.669169884473821,0.4778791982628516,0.6961178386209564,0.5297710849676665,0.5505851158101939,0.5578102271851775,1,1
0.4201244998784078,0.4777289335296726,0.4957152448370163,0.7174833473825495,0.6939021838357078,0.4902166652568241,0.5292307927665729,1,1
0.3108110097849489,0.4707145953924911,0.5110565510018696,0.421288480441215,0.5772260452524858,0.6300754943681588,0.5763403141253404,0,0
0.7932656548802184,0.3235970136932981,0.4757215226421408,0.5343016286521682,0.9217904024465486,0.3062594060438691,0.8493391109488333,1,1
0.6497866902697166,0.3657723176526044,0.5354466493342078,0.6596369996175806,0.2616866505166217,0.3704798029873841,0.4098990760881513,0,0
0.1648579319114376,0.9863180359727716,0.5678772071051549,0.2951085072401625,0.6160173505938578,0.2347651958457215,0.1062661873362763,1,1
0.625127285841639,0.6957808951497674,0.510714592380843,0.6252955187701181,0.4010475886663544,0.3348390465378302,0.4506554225832282,0,0
0.7588882643774619,0.407850119545342,0.5846005600256551,0.5013067479928373,0.3042152107674988,0.8026638263777703,0.5125489617533631,1,1
0.3361160808683993,0.3858864234358261,0.724072337795874,0.3707004390093444,0.1362918277202688,0.3706630729187155,0.2861282911217926,0,0
0.6818715718484554,0.312913899989008,0.5840654908381467,0.7398042827515043,0.4265672814809294,0.678432330889738,0.6303546990835891,1,1
0.552350920198395,0.2167099369882944,0.4170034360186631,0.5156124671052916,0.2238552597851058,0.6753754455265006,0.2961941627274453,0,0
0.24419061933613,0.5354277454970128,0.5525483066188948,0.3958577941857881,0.490836459885786,0.6123626811484744,0.3767181022975668,0,0
0.8227613075504498,0.6227379364816991,0.4018758971848453,0.6324289851288273,0.4357090404727543,0.4178688036603377,0.5992430927956063,0,0
0.2822812520422911,0.4638118957996989,0.6229336797994035,0.6009778970457739,0.4057002451533044,0.5504236861407997,0.580761327999441,0,0
0.6843965275180317,0.5576507694532333,0.5888278320322726,0.5355297910154162,0.3118659304676979,0.6283032407954029,0.4817619055648802,1,1
0.3069998808023782,0.5579205317880899,0.4546386486317489,0.2131487295525678,0.5168460205051124,0.7804645127479752,0.3973088556093821,0,0
0.3966774248781352,0.2118629459318308,0.922922885716736,0.4888098634864287,0.3430509858882381,0.7206265228951937,0.6814456233949961,1,1
0.674486908489828,0.6822870313858445,0.5977746640563951,0.6877305498652833,0.4844332014213819,0.1658410802876621,0.4937028066643516,1,0
0.6600899517735994,0.3057196450310886,0.7859168576891868,0.3723619120164489,0.3098023466390351,0.7629366516663216,0.4217748234809298,1,1
0.9455783819730834,0.4088366239340817,0.0349920508344603,0.5449308667584575,0.5563685439804692,0.6740526724010065,0.4231442431640438,0,1
0.4403054851077164,0.4390706613978931,0.3806823627094919,0.3279029477146841,0.6386104263330539,0.5866602220874013,0.6426455622105995,0,0
0.4254301960420614,0.421976248256148,0.7476873152874048,0.6066593422266477,0.551838425802488,0.492708407614453,0.6500512380370496,1,1
0.5703310397824719,0.4499841076537996,0.5577870899771797,0.6100342457781538,0.4552203038052426,0.7157479220802142,0.7170981062032662,1,1
0.2584297653136496,0.3743018158507966,0.4318963392360341,0.5944543834264007,0.3619922794088065,0.7463891087927013,0.5751971253487471,0,0
0.3513705705040035,0.7188844734963348,0.6229154999362122,0.5728548430900321,0.4950494408030017,0.2901814935369267,0.4900956488136647,0,0
0.4765469724888066,0.7783189990989143,0.496969481000826,0.257482063489404,0.4854421851483635,0.3300431539845396,0.6940102242500874,1,1
0.0611331131431133,0.3769001837397777,0.709465831751512,0.1948521227249547,0.4618800684070349,0.616133471310482,0.1470975536551244,0,0
0.5524480242521299,0.8034398414302656,0.4241072994166562,0.5232877454162781,0.5235647844020402,0.4895095380997818,0.2635611930407054,0,1
0.2709583083674474,0.5538003307974875,0.451947345375593,0.3482065141723706,0.5663774841274762,0.6891422267000673,0.3446058525222029,0,0
0.122375762627265,0.4607386644148548,0.482892795314949,0.506274790776557,0.5271116216821651,0.7516451049667284,0.3605787329801647,0,0
0.3982134953974146,0.8262470080302367,0.4474659981191656,0.3392752621769265,0.2328492651123323,0.5409254240127412,0.6794354987101873,0,0
0.6891646370497702,0.3735121772162805,0.2892315081854445,0.7041511017352928,0.6787407149874137,0.370959268959903,0.5814548679976728,1,1
0.8072128087423539,0.303090314086259,0.2886495253851968,0.236458521818376,0.6697022356918991,0.187249681838822,0.9816927586422912,0,0
0.6099031967254204,0.7919761651392012,0.0423133462509699,0.55377914840472,0.2480624987944919,0.6039877787353837,0.3303453133256203,1,0
0.7738771833099418,0.3236411627609288,0.5143083883706584,0.5682465563830408,0.1534201855871917,0.3116806589376643,0.3042611813109286,0,0
0.6180647171790277,0.5952050394716205,0.4577421844733478,0.6573274564174043,0.6103077782138728,0.4984639187359603,0.3941671625025321,0,1
0.5698944473408765,0.4524878448983628,0.5339088683778156,0.3748224375556699,0.5594861260700347,0.3818478345472395,0.6229915967993012,0,0
0.5574420137400509,0.8995874115868663,0.4346601275782695,0.6755946004359801,0.3306011306374528,0.2847396550052617,0.5749774232057748,1,1
0.6193743087325411,0.3238646926685135,0.7638559657883345,0.7404566510830615,0.6248994177252232,0.6190783873766779,0.6095134575871501,1,1
0.198731939914643,0.2980384026993446,0.628009410906422,0.4536058710770489,0.4762629604477906,0.5236292635008882,0.7958188897485219,0,0
0.5780475851838995,0.4269567024589101,0.4214354870985032,0.7388074200483539,0.1800679478901245,0.4104956657827374,0.454745657608908,0,0
0.4949487229777231,0.2933043854096263,0.3551377000318997,0.4715013177581428,0.6901813591404863,0.659950159110242,0.6829012966651465,0,0
0.2151956213227874,0.6548700275977782,0.7689314266843508,0.1399149432776659,0.7477688480340154,0.4160764487822117,0.3493919294251301,1,1
0.3115765137886498,0.6840306163098185,0.3650758805856967,0.2910691123384094,0.4763848162548989,0.6413182638030995,0.3943381847102104,0,0
0.293897361578095,0.8753582016057866,0.4058336603045659,0.2969670539589876,0.4028617352103973,0.674665673022083,0.6766165364445255,0,0
0.5501263871168273,0.5847539716638914,0.3296989991611164,0.5968124236924015,0.3079389542638537,0.4647603334859152,0.4288518408803642,0,0
0.502088039645353,0.3551865907845424,0.4609879821732593,0.4321793504323683,0.4292246013053353,0.3621902895390275,0.4738814693116878,1,1
0.2216994400121126,0.4631078993516591,0.4330424827271906,0.365853825361906,0.4225290157794668,0.8451985561595792,0.3964551480846503,0,0
0.7173822369998373,0.4662405881180069,0.2997930781259572,0.664921080217941,0.2970175498497206,0.5238244514066595,0.4081411976242116,0,0
0.8374806383047453,0.702846652922243,0.0732725125498373,0.7076412815495245,0.0709051927017583,0.6994602517164972,0.25909286643578,1,1
0.4794203623432892,0.4890845986979816,0.3270544618076036,0.4871508053227581,0.5680269724704051,0.6331654679175647,0.5268302951616755,0,0
0.487455910787838,0.48454024096657,0.4152118292455763,0.4548894858319562,0.5821859772087609,0.4650729434972602,0.6806507703298995,0,0
0.642955326973816,0.5107696318501934,0.5831466653068095,0.5107237147310781,0.1399762933612004,0.2711546990017915,0.4491102763111239,0,0
0.2695030802598696,0.6858704396977156,0.6253945509730237,0.158746810176112,0.42189264027055,0.5927959110189944,0.2946539095384329,1,1
0.1690868124287752,0.9095310304046044,0.1838418892249526,0.5779803657470929,0.5564911224251454,0.7055403824271157,0.5994489266829075,0,0
0.6844647567650262,0.4635117664618847,0.590062042055165,0.5320218769780911,0.49471182410267,0.0926750193872137,0.8661149599735811,0,1
0.6115508861228148,0.810200383759858,0.5125278150493733,0.6619257200961461,0.4606363804148252,0.2370837459436677,0.6410711148632384,1,1
0.6996911773205065,0.3889521880665954,0.5398538717255438,0.5398770729093572,0.4775664777259794,0.6368973480600678,0.2740665546255267,1,1
0.4271439906493632,0.1902662962934375,0.6626113157537221,0.6191239678187039,0.2246126534143629,0.4035000664948244,0.2211827931669232,0,0
0.6415248933606386,0.4194031298162631,0.5663340319730048,0.5157539314840988,0.3749484154358594,0.7795679276138445,0.4640372495907128,1,1
0.5938569731220166,0.4438221504572684,0.4300918485975369,0.7240395316791064,0.7300842907020859,0.6231411061907024,0.6391021093210584,1,1
0.6679250395077015,0.404791242568621,0.3922760068226049,0.7187196130164957,0.6048262827391296,0.3001059425514839,0.5198986043708058,1,1
0.60176433537535,0.7553229350824618,0.3479267462234912,0.5981769850584261,0.5909703522746621,0.5376501048930354,0.2551132888371556,1,1
0.3707374691160617,0.3759062806541152,0.6399009727922421,0.5813810263807938,0.2452011675129718,0.3859900138229992,0.3403472773100696,0,0
0.1409424543201149,0.4553101681135522,0.6539393702487237,0.5812216291067932,0.228382785800369,0.6935301005608048,0.4936371526682487,0,0
0.6933437773577501,0.3700011844167981,0.501947766969749,0.7645313141589877,0.5374681861538425,0.6751076128683327,0.4744012882957455,1,1
0.4138266259692952,0.4881216799206719,0.5647609420013794,0.5369899436080086,0.6105628669373203,0.5971479335274359,0.3796667942099288,1,1
0.4714012849983733,0.3399312036318246,0.5009017054388478,0.5855496764081586,0.4849329622883556,0.6190346794320707,0.3599873923110901,0,0
0.3695250924134807,0.403593028472858,0.4212645283196933,0.4132268866576669,0.4315722880772699,0.6999811026054084,0.3170021467719833,0,0
0.5078638533096831,0.534931985384306,0.1639510580424642,0.4504930839595975,0.694172497825464,0.8205472430587455,0.4615504667717952,0,0
0.50966284352317,0.4799021179239154,0.3641666287365194,0.4286398419854894,0.6766333235211401,0.4405771886140162,0.7548189927745699,0,0
0.3920123816009133,0.3505926405189596,0.5977055273612444,0.4605037480942571,0.269537883924963,0.5034848133658114,0.3051838315080083,0,0
0.4357933632024163,0.666412293437958,0.6259231276125006,0.6368525228649832,0.4365611205680039,0.3958313432648789,0.3780940494190763,0,0
0.4681881567771942,0.2101514857034699,0.9533299231982716,0.1981196257750709,0.681754866774349,0.5489767389812181,0.2822044600574208,1,1
0.2326771499945948,0.6427639787671331,0.6350259010253964,0.2104879403181281,0.5223902480906186,0.5461183852460487,0.2573927286845937,1,1
0.394389690412857,0.2550250255257101,0.3631737244256406,0.2947268165435376,0.7779069331313797,0.6442706227400042,0.7243307711208355,0,0
0.4246583948032971,0.6332320462612933,0.3169699169937621,0.7126292436721582,0.145628692328489,0.4050760088157542,0.496936077381069,0,1
0.7113672457580787,0.2522391929829987,0.435459892469961,0.3363110264727666,0.7561443728250974,0.4111876936581515,0.6483330290867562,1,1
0.5684563843814538,0.4460219564998642,0.2331770589140951,0.5101217490815472,0.326195467053638,0.7967757904540249,0.4160822090923151,0,0
0.3902757108959165,0.4088559461457624,0.4646132380501537,0.3195802793818215,0.5247483098455153,0.8866206363828784,0.4405483720263768,0,0
0.4605303859612015,0.8241753542191445,0.42791364107654,0.2498738197514585,0.4998268678066893,0.5205139876462852,0.3515069580762646,1,1
0.5298158493280375,0.3601525827196517,0.5898381342290946,0.417557218064301,0.2962657655752484,0.3927142118402637,0.2655463680991673,0,0
0.4563705796663054,0.5827002939087544,0.7260533213196366,0.5341947702358527,0.4756100048001878,0.1785147554523092,0.6832422456207321,0,0
0.2445291589006403,0.8831195754602423,0.5220212521240788,0.0,0.8663725488772266,0.9101631653445132,0.6328313701904151,0,0
0.2241359204980338,0.1185149581967414,0.3138199651255006,0.4618241022145014,0.3390230566901153,0.8255775138716145,0.0277697664969138,0,0
0.6016717258510396,0.4318205696006804,0.2635491705403864,0.3913934635079766,0.3929298941013397,0.7061088748802286,0.3267380852418271,0,0
0.6324302655324585,0.4829271948197536,0.2329999547059792,0.4353293983427692,0.4333028498673545,0.5442438603762184,0.4286354995903008,1,0
0.4782635970248813,0.4035520538905442,0.7767005209140503,0.7176225039485308,0.7445111272510083,0.3274455964261477,0.4418595105110212,1,1
0.2937799643129234,0.4599841717712533,0.612986261751625,0.3576329105567334,0.4473648201034145,0.6027999056703095,0.3370963211904403,1,0
0.274211838316878,0.6995797206864384,0.2946424320033072,0.055523309003331,0.6139208233375435,0.7716855224495431,0.2706253998332091,0,0
0.2808568644129351,0.667553199726308,0.5198071527238102,0.7812141339973195,0.2404402181655326,0.7409533913118166,0.4079159378781153,0,0
0.7020714340034695,0.5058645971337162,0.519031193185078,0.6509303700696114,0.2696977173659231,0.4161945744857033,0.5824258331829243,0,0
0.8161220572966372,0.5661649950859843,0.0959814890944562,0.3570990619867041,0.8296201776106291,0.5635345751432405,0.4546025421505538,0,0
0.8350615811675155,0.7132978993492844,0.445354374567441,0.2649532270828925,0.496663439244024,0.5465750604716773,0.8162230275128791,1,1
0.7095986127042968,0.1845689908259471,0.7639310854316856,0.5277854462135241,0.5503866925197307,0.627852102950676,0.4500329673229144,1,1
0.5771472989342697,0.418327830991009,0.3636519371414835,0.5654630206485403,0.3935629285074438,0.4206306472646534,0.5325912938031854,1,1
0.3856395018063211,0.7722586018459298,0.5686261684879667,0.4561137553034382,0.4454667628489152,0.4421095796802392,0.6119740038795203,0,0
0.4222226816760581,0.2521875342877445,0.8948730474039195,0.514991184926541,0.6963075986139856,0.5172364431282255,0.387827029264103,1,1
0.9225192079612068,0.2983178457341132,0.6955131720293932,0.6007098808960525,0.2911407399649165,0.277724857186866,0.4526490934622758,0,0
0.8004818747863961,0.745871455220986,0.5475323420693792,0.6766397342206403,0.2558861079254216,0.3540225744648078,0.5089831019409532,1,0
0.4046551466797028,0.4407180292332953,0.3820193193827709,0.4058236357873118,0.6617422752365439,0.784151587011704,0.4404040377806838,0,0
0.2630413307378916,0.5174027856871166,0.1997592522579502,0.2716551913654679,0.397616688150655,0.9399230544332626,0.335225510188519,0,0
0.6694364460031319,0.8624141900001268,0.3901610603845614,0.7115273637009756,0.3304867893648158,0.3702723154266464,0.6152480093561679,1,1
0.4148331018386084,0.4356279917138579,0.4522233919113373,0.408340431143665,0.581321120807275,0.7452932413251725,0.2854520440161694,0,0
0.5995221607764042,0.6337384407339685,0.2857568611659122,0.7802146415576748,0.3193364159027008,0.2664560243958468,0.3958586498319552,0,1
0.4951541842436641,0.1632510478783346,0.3336834310432434,0.2817533903165483,0.7933066387716591,0.7184272237551966,0.7439368317229716,0,0
0.6469928033749501,0.1015108309750536,0.6004839810511211,0.1682027985826297,0.7783389284607244,0.3479002638374373,0.7081608385641646,1,1
0.2880916692765849,0.2710234536620025,0.4095088857191383,0.4061601663607353,0.7037354375218079,0.6798426124117529,0.7998665446946185,0,0
0.1407911343200554,0.4432027789009831,0.7830463992209957,0.5401734442676915,0.820019166955172,0.3747416270551308,0.2534224518044563,1,1
0.6850395173248585,0.3908431453480256,0.7574208559108897,0.4263139416801339,0.5468655745321644,0.2100467118938946,0.7068921760020817,1,1
0.4598224080190388,0.416575116212375,0.511907153080343,0.3514779406152032,0.4241129523807666,0.7208431448744683,0.3248220218568858,1,0
0.6016920099598795,0.3287116208273925,0.4639289925962672,0.0353227371847377,0.4277268151233517,0.5347088736509963,0.4949949027011209,1,1
0.5091365970627194,0.2905432544190832,0.3235553148037674,0.5586072812489817,0.5417619493395014,0.8606155675411389,0.3923529969302802,0,0
0.460909684995798,0.6844958160586341,0.5317112342219441,0.610216080383171,0.6505170789766266,0.4027288728552184,0.4090595965539443,1,1
0.7363412071491576,0.725044582953473,0.2975063251516263,0.1494906047975616,0.6164518978527962,0.5968582894342547,0.7544128171405355,1,1
0.5152010223533817,0.3818265471254519,0.2496413108964804,0.8625495185478552,0.028135868278327,0.5131756810295527,0.428748830822633,0,0
0.6158103240569829,0.3564707982859111,0.4967327368719961,0.6723378351068394,0.3453033864965706,0.4028480805225605,0.3559744705955618,0,0
0.411862035934965,0.6985330998428725,0.5044938356526744,0.6450920589163454,0.604243000926179,0.5315835251468568,0.5802254112340477,0,0
0.4392483666974522,0.2540608542019706,0.316061691532805,0.1736995509421452,0.5587905342214283,0.9157201037570748,0.0949278147305089,0,0
0.5716788504964747,0.4374225220843053,0.5154411382980999,0.2468228385122919,0.801773609070356,0.2880353737438018,0.6560391033051214,1,1
0.7006426794767964,0.2033652957781572,0.633146200738863,0.7395458676077904,0.1816643567599349,0.5262614438020498,0.4989845095873234,0,0
0.6733124179688796,0.3513697893147632,0.512367780416894,0.6777061809603699,0.7455390171367903,0.2060230278486415,0.6753145840968096,1,1
0.5115032928342764,0.425159145510747,0.8087124928913803,0.4511849076274909,0.4418313660328588,0.5550756670559975,0.4277862526187383,1,1
0.2769309936764694,0.6924091616564156,0.5215207693540141,0.4693858059385175,0.6278484306227825,0.3925231586394591,0.1735001466915161,1,1
0.2960747701254867,0.3236602352249739,0.9073248274012404,0.3344150130795764,0.5679396294750434,0.5518185291877291,0.5058653695429761,1,1
0.7262789741818919,0.8410307550654526,0.4054537152751066,0.3856217829287984,0.4730464733566115,0.4480209092651899,0.7017179178053561,1,1
0.3618893456725645,0.6778401006615793,0.4401645980709018,0.457298973021615,0.4822381643832723,0.4829386601455881,0.4258826308298033,0,0
0.7287177851283009,0.4557180650916751,0.4822537933649833,0.3621037268457422,0.3365103180559164,0.8591825435849527,0.5127392918812239,1,1
0.5700915813948318,0.2482492629634324,0.3037021628911854,0.5878620205660736,0.4838954192778453,0.6610868651887989,0.196659564376333,0,0
0.5396219150638671,0.4805337416102685,0.4431619491619203,0.3430630869028158,0.5500779506358318,0.7444121460925561,0.4386087156183341,0,0
0.9745150225543971,0.3710245976486755,0.2221557083113015,0.660555992978236,0.6518590076855247,0.566282269850439,0.6441979530055317,1,1
0.8545663820628385,0.2939523258596016,0.3995863693286515,0.7524988867579396,0.7664102844693823,0.3291408465553366,0.6467371312235812,1,1
